<?xml version="1.0" encoding="UTF-8"?>
<System name="setCount">
  <Parameters>
    <Parameter id="0" name="objeto" type="2">
      <values>
        <value>true</value>
        <value>false</value>
      </values>
      <basechoices />
      <invalidValues />
    </Parameter>
    <Parameter id="1" name="count" type="0">
      <values>
        <value>1</value>
        <value>2</value>
        <value>3</value>
      </values>
      <basechoices />
      <invalidValues />
    </Parameter>
    <Parameter id="3" name="permite_operacao" type="2">
      <values>
        <value>true</value>
        <value>false</value>
      </values>
      <basechoices />
      <invalidValues />
    </Parameter>
  </Parameters>
  <OutputParameters />
  <Relations />
  <Constraints>
    <Constraint text="!permite_operacao">
      <Parameters>
        <Parameter name="permite_operacao" />
      </Parameters>
    </Constraint>
  </Constraints>
  <Testset doi="2">
    <Testcase TCNo="0">
      <Value>1</Value>
      <Value>true</Value>
      <Value>1</Value>
      <Value>false</Value>
    </Testcase>
    <Testcase TCNo="1">
      <Value>2</Value>
      <Value>false</Value>
      <Value>1</Value>
      <Value>false</Value>
    </Testcase>
    <Testcase TCNo="2">
      <Value>3</Value>
      <Value>true</Value>
      <Value>2</Value>
      <Value>false</Value>
    </Testcase>
    <Testcase TCNo="3">
      <Value>4</Value>
      <Value>false</Value>
      <Value>2</Value>
      <Value>false</Value>
    </Testcase>
    <Testcase TCNo="4">
      <Value>5</Value>
      <Value>true</Value>
      <Value>3</Value>
      <Value>false</Value>
    </Testcase>
    <Testcase TCNo="5">
      <Value>6</Value>
      <Value>false</Value>
      <Value>3</Value>
      <Value>false</Value>
    </Testcase>
  </Testset>
  <Header>
    <Value />
    <Value>objeto</Value>
    <Value>count</Value>
    <Value>permite_operacao</Value>
  </Header>
  <Stat-Data>
    <ExecutionTime>0.003</ExecutionTime>
    <MaxDomainSize>3</MaxDomainSize>
    <MinDomainSize>2</MinDomainSize>
    <TotalNoOfCombination>11</TotalNoOfCombination>
    <TotalNoOfTests>6</TotalNoOfTests>
    <Algorithm>IPOG</Algorithm>
  </Stat-Data>
</System>

